{"name":"dc6d4c59-823d-40df-bd2f-d381ed7030d8","id":"/providers/Microsoft.Flow/flows/dc6d4c59-823d-40df-bd2f-d381ed7030d8","type":"Microsoft.Flow/flows","properties":{"apiId":"/providers/Microsoft.PowerApps/apis/shared_logicflows","displayName":"Email Knowledge Article","definition":{"metadata":{"workflowEntityId":null,"creator":{"id":"12319e1f-b9ac-4a78-a095-95c2735c321d","type":"User","tenantId":"a27bf56f-1e0c-42ed-8ea0-a008cffb1032"},"provisioningMethod":"FromDefinition","failureAlertSubscription":true,"clientLastModifiedTime":"2020-05-29T08:59:42.482907Z"},"$schema":"https://schema.management.azure.com/providers/Microsoft.Logic/schemas/2016-06-01/workflowdefinition.json#","contentVersion":"1.0.0.0","parameters":{"$connections":{"defaultValue":{},"type":"Object"},"$authentication":{"defaultValue":{},"type":"SecureObject"}},"triggers":{"When_a_new_email_arrives_(V3)":{"splitOn":"@triggerBody()?['value']","metadata":{"flowSystemMetadata":{"swaggerOperationId":"OnNewEmailV3"}},"type":"ApiConnectionNotification","inputs":{"host":{"connection":{"name":"@parameters('$connections')['shared_office365']['connectionId']"},"api":{"runtimeUrl":"https://europe-002.azure-apim.net/apim/office365"}},"fetch":{"queries":{"folderPath":"Inbox","to":"admin@CRM535092.OnMicrosoft.com","importance":"Any","fetchOnlyWithAttachment":false,"includeAttachments":false,"subjectFilter":"KA"},"pathTemplate":{"template":"/v3/Mail/OnNewEmail"},"method":"get"},"subscribe":{"queries":{"folderPath":"Inbox","importance":"Any","fetchOnlyWithAttachment":false},"body":{"NotificationUrl":"@{listCallbackUrl()}"},"pathTemplate":{"template":"/GraphMailSubscriptionPoke/$subscriptions"},"method":"post"},"authentication":"@parameters('$authentication')"}}},"actions":{"Html_to_text":{"runAfter":{},"metadata":{"flowSystemMetadata":{"swaggerOperationId":"HtmlToText"}},"type":"ApiConnection","inputs":{"host":{"connection":{"name":"@parameters('$connections')['shared_conversionservice']['connectionId']"},"api":{"runtimeUrl":"https://europe-002.azure-apim.net/apim/conversionservice"}},"method":"post","body":"<p>@{triggerBody()?['body']}</p>","path":"/html2text","authentication":"@parameters('$authentication')"}},"Post-AC-Wait":{"runAfter":{"Html_to_text":["Succeeded"]},"metadata":{"flowSystemMetadata":{"swaggerOperationId":"SubscribeChannelFlowContinuation"}},"type":"ApiConnectionWebhook","inputs":{"host":{"connection":{"name":"@parameters('$connections')['shared_teams']['connectionId']"},"api":{"runtimeUrl":"https://europe-002.azure-apim.net/apim/teams"}},"body":{"notificationUrl":"@{listCallbackUrl()}","body":{"recipient":{"channelId":"19:7b6a739a13fa418a9321c41173873378@thread.tacv2"},"messageBody":"{\"$schema\":\"http://adaptivecards.io/schemas/adaptive-card.json\",\"type\":\"AdaptiveCard\",\"version\":\"1.2\",\"body\":[{\"type\":\"TextBlock\",\"size\":\"Medium\",\"weight\":\"Bolder\",\"text\":\"New Knowledge Article\",\"horizontalAlignment\":\"Center\"},{\"text\":\"Title\",\"type\":\"TextBlock\",\"weight\":\"Bolder\"},{\"type\":\"Input.Text\",\"style\":\"text\",\"maxLength\":0,\"id\":\"Title\",\"value\":\"@{triggerBody()?['subject']}\"},{\"text\":\"Keywords\",\"type\":\"TextBlock\",\"weight\":\"Bolder\"},{\"type\":\"Input.Text\",\"placeholder\":\"Keywords\",\"maxLength\":0,\"id\":\"Keywords\"},{\"text\":\"Description\",\"type\":\"TextBlock\",\"weight\":\"Bolder\"},{\"type\":\"Input.Text\",\"placeholder\":\"Description\",\"maxLength\":0,\"id\":\"Description\"},{\"type\":\"Input.Toggle\",\"title\":\"Internal\",\"id\":\"Internal\",\"value\":\"false\"},{\"text\":\"Content\",\"type\":\"TextBlock\",\"weight\":\"Bolder\"},{\"type\":\"Input.Text\",\"placeholder\":\"Content\",\"style\":\"text\",\"isMultiline\":true,\"maxLength\":0,\"id\":\"Content\",\"value\":\"@{body('Html_to_text')}\"},{\"type\":\"ActionSet\",\"actions\":[{\"type\":\"Action.Submit\",\"title\":\"Update\",\"id\":\"Update-KA\"}]}],\"-ms-tokens\":{}}","updateMessage":"Thank you for your collaboration","shouldUpdateCard":true}},"path":"/flowbot/actions/flowcontinuation/recipienttypes/channel/$subscriptions","queries":{"groupId":"c97303f2-51dd-422c-aaa1-df4888a20f22"},"authentication":"@parameters('$authentication')"}},"Condition":{"actions":{"Create_Knowledge_Article":{"runAfter":{},"metadata":{"flowSystemMetadata":{"swaggerOperationId":"PostItem_V2"}},"type":"ApiConnection","inputs":{"host":{"connection":{"name":"@parameters('$connections')['shared_commondataservice']['connectionId']"},"api":{"runtimeUrl":"https://europe-002.azure-apim.net/apim/commondataservice"}},"method":"post","body":{"description":"@{body('post-ac-wait')?['data']?['description']}","islatestversion":false,"keywords":"@{body('post-ac-wait')?['data']?['keywords']}","isrootarticle":false,"title":"@{body('post-ac-wait')?['data']?['title']}","_ownerid_type":"","content":"@{body('post-ac-wait')?['data']?['content']}","isinternal":"@body('post-ac-wait')?['data']?['internal']","isprimary":false,"readyforreview":false,"setcategoryassociations":false,"setproductassociations":false,"updatecontent":false},"path":"/v2/datasets/@{encodeURIComponent(encodeURIComponent('org67e8fc1e.crm4'))}/tables/@{encodeURIComponent(encodeURIComponent('knowledgearticles'))}/items","authentication":"@parameters('$authentication')"}}},"runAfter":{"Post-AC-Wait":["Succeeded"]},"expression":{"equals":["@body('post-ac-wait')?['submitActionId']","Update-KA"]},"type":"If"}},"outputs":{}},"connectionReferences":{"shared_conversionservice":{"connectionName":"shared-conversionser-e2873b28-6868-43aa-8cbc-b5c6763c86a7","source":"Embedded","id":"/providers/Microsoft.PowerApps/apis/shared_conversionservice","tier":"NotSpecified"},"shared_teams":{"connectionName":"shared-teams-cc32a08a-5da4-41ad-a996-78ee3e39aafb","source":"Embedded","id":"/providers/Microsoft.PowerApps/apis/shared_teams","tier":"NotSpecified"},"shared_commondataservice":{"connectionName":"3bb8924e4c32426ab375d6a905e752c5","source":"Embedded","id":"/providers/Microsoft.PowerApps/apis/shared_commondataservice","tier":"NotSpecified"},"shared_office365":{"connectionName":"shared-office365-bb08bd6a-c61f-437e-80ea-15b13cf1b0b8","source":"Embedded","id":"/providers/Microsoft.PowerApps/apis/shared_office365","tier":"NotSpecified"}},"flowFailureAlertSubscribed":false}}