{"name":"b5a89f1e-9ef3-49b0-bdd8-54b2c09b7ea4","id":"/providers/Microsoft.Flow/flows/b5a89f1e-9ef3-49b0-bdd8-54b2c09b7ea4","type":"Microsoft.Flow/flows","properties":{"apiId":"/providers/Microsoft.PowerApps/apis/shared_logicflows","displayName":"New Case - Post Adaptive Card","definition":{"metadata":{"workflowEntityId":null,"creator":{"id":"12319e1f-b9ac-4a78-a095-95c2735c321d","type":"User","tenantId":"a27bf56f-1e0c-42ed-8ea0-a008cffb1032"},"provisioningMethod":"FromDefinition","failureAlertSubscription":true,"clientLastModifiedTime":"2020-05-29T09:00:20.7672975Z"},"$schema":"https://schema.management.azure.com/providers/Microsoft.Logic/schemas/2016-06-01/workflowdefinition.json#","contentVersion":"1.0.0.0","parameters":{"$connections":{"defaultValue":{},"type":"Object"},"$authentication":{"defaultValue":{},"type":"SecureObject"}},"triggers":{"When_a_record_is_created":{"metadata":{"flowSystemMetadata":{"swaggerOperationId":"SubscribeOnNewItems"}},"type":"ApiConnectionWebhook","inputs":{"host":{"connection":{"name":"@parameters('$connections')['shared_commondataservice']['connectionId']"},"api":{"runtimeUrl":"https://europe-002.azure-apim.net/apim/commondataservice"}},"body":{"NotificationUrl":"@{listCallbackUrl()}"},"path":"/datasets/@{encodeURIComponent(encodeURIComponent('org67e8fc1e.crm4'))}/tables/@{encodeURIComponent(encodeURIComponent('incidents'))}/onnewitemswebhook","queries":{"scope":"Organization"},"authentication":"@parameters('$authentication')"}}},"actions":{"Get_Account":{"runAfter":{},"metadata":{"flowSystemMetadata":{"swaggerOperationId":"GetItem_V2"}},"type":"ApiConnection","inputs":{"host":{"connection":{"name":"@parameters('$connections')['shared_commondataservice']['connectionId']"},"api":{"runtimeUrl":"https://europe-002.azure-apim.net/apim/commondataservice"}},"method":"get","path":"/v2/datasets/@{encodeURIComponent(encodeURIComponent('org67e8fc1e.crm4'))}/tables/@{encodeURIComponent(encodeURIComponent('accounts'))}/items/@{encodeURIComponent(encodeURIComponent(triggerBody()?['_customerid_value']))}","authentication":"@parameters('$authentication')"}},"Get_Contact":{"runAfter":{"Get_Account":["Succeeded"]},"metadata":{"flowSystemMetadata":{"swaggerOperationId":"GetItem_V2"}},"type":"ApiConnection","inputs":{"host":{"connection":{"name":"@parameters('$connections')['shared_commondataservice']['connectionId']"},"api":{"runtimeUrl":"https://europe-002.azure-apim.net/apim/commondataservice"}},"method":"get","path":"/v2/datasets/@{encodeURIComponent(encodeURIComponent('org67e8fc1e.crm4'))}/tables/@{encodeURIComponent(encodeURIComponent('contacts'))}/items/@{encodeURIComponent(encodeURIComponent(body('Get_Account')?['_primarycontactid_value']))}","authentication":"@parameters('$authentication')"}},"Get_Subject":{"runAfter":{"Get_Contact":["Succeeded"]},"metadata":{"flowSystemMetadata":{"swaggerOperationId":"GetItem_V2"}},"type":"ApiConnection","inputs":{"host":{"connection":{"name":"@parameters('$connections')['shared_commondataservice']['connectionId']"},"api":{"runtimeUrl":"https://europe-002.azure-apim.net/apim/commondataservice"}},"method":"get","path":"/v2/datasets/@{encodeURIComponent(encodeURIComponent('org67e8fc1e.crm4'))}/tables/@{encodeURIComponent(encodeURIComponent('subjects'))}/items/@{encodeURIComponent(encodeURIComponent(triggerBody()?['_subjectid_value']))}","authentication":"@parameters('$authentication')"}},"Initialize_variable":{"runAfter":{"Get_Subject":["Succeeded"]},"type":"InitializeVariable","inputs":{"variables":[{"name":"NewCase-AC","type":"string","value":"{\n    \"type\": \"AdaptiveCard\",\n    \"body\": [\n        {\n            \"type\": \"Container\",\n            \"style\": \"emphasis\",\n            \"items\": [\n                {\n                    \"type\": \"ColumnSet\",\n                    \"columns\": [\n                        {\n                            \"type\": \"Column\",\n                            \"items\": [\n                                {\n                                    \"type\": \"TextBlock\",\n                                    \"size\": \"Large\",\n                                    \"weight\": \"Bolder\",\n                                    \"text\": \"**NEW CASE**\"\n                                }\n                            ],\n                            \"width\": \"stretch\"\n                        },\n                        {\n                            \"type\": \"Column\",\n                            \"items\": [\n                                {\n                                    \"type\": \"Image\",\n                                    \"url\": \"https://adaptivecards.io/content/pending.png\",\n                                    \"altText\": \"Pending\",\n                                    \"height\": \"30px\"\n                                }\n                            ],\n                            \"width\": \"auto\"\n                        }\n                    ]\n                }\n            ],\n            \"bleed\": true\n        },\n        {\n            \"type\": \"Container\",\n            \"items\": [\n                {\n                    \"type\": \"ColumnSet\",\n                    \"columns\": [\n                        {\n                            \"type\": \"Column\",\n                            \"items\": [\n                                {\n                                    \"type\": \"TextBlock\",\n                                    \"size\": \"ExtraLarge\",\n                                    \"text\": \"@{body('Get_Account')?['name']}\",\n                                    \"wrap\": true\n                                },\n                                {\n                                    \"type\": \"TextBlock\",\n                                    \"spacing\": \"Small\",\n                                    \"size\": \"Small\",\n                                    \"weight\": \"Bolder\",\n                                    \"color\": \"Accent\",\n                                    \"text\": \"@{triggerBody()?['ticketnumber']}\"\n                                }\n                            ],\n                            \"width\": \"stretch\"\n                        }\n                    ]\n                },\n                {\n                    \"type\": \"FactSet\",\n                    \"spacing\": \"Large\",\n                    \"facts\": [\n                        {\n                            \"title\": \"Contact\",\n                            \"value\": \"**@{body('Get_Contact')?['fullname']}**\"\n                        },\n                        {\n                             \"title\":\"Title\",\n                             \"value\":\"@{triggerBody()?['title']}\"\n                        },\n                        {\n                              \"title\":\"Subject\",\n                              \"value\":\"@{body('Get_Subject')?['title']}\"\n                        },\n                        {\n                          \"title\": \"Case type\",\n                          \"value\": \"@{triggerBody()?['_casetypecode_label']}\"\n                      },\n                        {\n                            \"title\": \"Origin\",\n                            \"value\": \"@{triggerBody()?['_caseorigincode_label']}\"\n                        },\n                        {\n                            \"title\": \"Priority\",\n                            \"value\": \"*@{triggerBody()?['_prioritycode_label']}*\"\n                        }\n                    ]\n                }\n            ]\n        }\n    ],\n    \"actions\": \n    [\n      {\n      \"type\": \"Action.OpenUrl\",\n      \"title\":\"View Case\",\n      \"url\":\"https://crm535092.crm4.dynamics.com/main.aspx?appid=9c36a34e-0b97-ea11-a813-000d3ab752c8&pagetype=entityrecord&etn=incident&id=@{triggerBody()?['incidentid']}\"\n    },\n    {\n      \"type\": \"Action.OpenUrl\",\n      \"title\":\"Customer info\",\n      \"url\":\"https://crm535092.crm4.dynamics.com/main.aspx?appid=9c36a34e-0b97-ea11-a813-000d3ab752c8&pagetype=entityrecord&etn=account&id=@{body('Get_Account')?['accountid']}\"\n    }\n  ],\n    \"$schema\": \"http://adaptivecards.io/schemas/adaptive-card.json\",\n    \"version\": \"1.2\",\n    \"fallbackText\": \"This card requires Adaptive Cards v1.2 support to be rendered properly.\"\n}"}]}},"Post-AC-Wait":{"runAfter":{"Initialize_variable":["Succeeded"]},"metadata":{"flowSystemMetadata":{"swaggerOperationId":"SubscribeChannelFlowContinuation"}},"type":"ApiConnectionWebhook","inputs":{"host":{"connection":{"name":"@parameters('$connections')['shared_teams']['connectionId']"},"api":{"runtimeUrl":"https://europe-002.azure-apim.net/apim/teams"}},"body":{"notificationUrl":"@{listCallbackUrl()}","body":{"recipient":{"channelId":"19:b5941aac18ca41968df49b29d89a747d@thread.tacv2"},"messageBody":"{\"type\":\"AdaptiveCard\",\"body\":[{\"type\":\"Container\",\"style\":\"emphasis\",\"items\":[{\"type\":\"ColumnSet\",\"columns\":[{\"type\":\"Column\",\"items\":[{\"type\":\"TextBlock\",\"size\":\"Large\",\"weight\":\"Bolder\",\"text\":\"**NEW CASE**\"}],\"width\":\"stretch\"},{\"type\":\"Column\",\"items\":[{\"type\":\"Image\",\"url\":\"https://adaptivecards.io/content/pending.png\",\"altText\":\"Pending\",\"height\":\"30px\"}],\"width\":\"auto\"}]}],\"bleed\":true},{\"type\":\"Container\",\"items\":[{\"type\":\"ColumnSet\",\"columns\":[{\"type\":\"Column\",\"items\":[{\"type\":\"TextBlock\",\"size\":\"ExtraLarge\",\"text\":\"@{body('Get_Account')?['name']}\",\"wrap\":true},{\"type\":\"TextBlock\",\"spacing\":\"Small\",\"size\":\"Small\",\"weight\":\"Bolder\",\"color\":\"Accent\",\"text\":\"@{triggerBody()?['ticketnumber']}\"}],\"width\":\"stretch\"}]},{\"type\":\"FactSet\",\"spacing\":\"Large\",\"facts\":[{\"title\":\"Contact\",\"value\":\"**@{body('Get_Contact')?['fullname']}**\"},{\"title\":\"Title\",\"value\":\"@{triggerBody()?['title']}\"},{\"title\":\"Subject\",\"value\":\"@{body('Get_Subject')?['title']}\"},{\"title\":\"Case type\",\"value\":\"@{triggerBody()?['_casetypecode_label']}\"},{\"title\":\"Origin\",\"value\":\"@{triggerBody()?['_caseorigincode_label']}\"},{\"title\":\"Priority\",\"value\":\"*@{triggerBody()?['_prioritycode_label']}*\"}]}]}],\"actions\":[{\"type\":\"Action.OpenUrl\",\"title\":\"View Case\",\"url\":\"https://crm535092.crm4.dynamics.com/main.aspx?appid=9c36a34e-0b97-ea11-a813-000d3ab752c8&pagetype=entityrecord&etn=incident&id=@{triggerBody()?['incidentid']}\"},{\"type\":\"Action.OpenUrl\",\"title\":\"Customer info\",\"url\":\"https://crm535092.crm4.dynamics.com/main.aspx?appid=9c36a34e-0b97-ea11-a813-000d3ab752c8&pagetype=entityrecord&etn=account&id=@{body('Get_Account')?['accountid']}\"},{\"type\":\"Action.Submit\",\"title\":\"Research\",\"style\":\"positive\"}],\"$schema\":\"http://adaptivecards.io/schemas/adaptive-card.json\",\"version\":\"1.2\",\"fallbackText\":\"This card requires Adaptive Cards v1.2 support to be rendered properly.\",\"-ms-tokens\":{}}","updateMessage":"Thank you for your assistance","shouldUpdateCard":true}},"path":"/flowbot/actions/flowcontinuation/recipienttypes/channel/$subscriptions","queries":{"groupId":"c97303f2-51dd-422c-aaa1-df4888a20f22"},"authentication":"@parameters('$authentication')"}},"Condition":{"actions":{"Compose":{"runAfter":{},"type":"Compose","inputs":"@body('post-ac-wait')?['responder']?['objectid']"},"Update_a_record":{"runAfter":{"Compose":["Succeeded"]},"metadata":{"flowSystemMetadata":{"swaggerOperationId":"PatchItem_V2"}},"type":"ApiConnection","inputs":{"host":{"connection":{"name":"@parameters('$connections')['shared_commondataservice']['connectionId']"},"api":{"runtimeUrl":"https://europe-002.azure-apim.net/apim/commondataservice"}},"method":"patch","body":{"title":"@triggerBody()?['title']","_customerid_value":"@triggerBody()?['_customerid_value']","_customerid_type":"@triggerBody()?['_customerid_type']","followupby":"@{addDays(utcNow(),3)}","servicestage":1,"_primarycontactid_value":"@body('Get_Contact')?['contactid']","_ownerid_type":"systemusers","_subjectid_value":"@body('Get_Subject')?['subjectid']"},"path":"/v2/datasets/@{encodeURIComponent(encodeURIComponent('org67e8fc1e.crm4'))}/tables/@{encodeURIComponent(encodeURIComponent('incidents'))}/items/@{encodeURIComponent(encodeURIComponent(triggerBody()?['incidentid']))}","authentication":"@parameters('$authentication')"}},"Create_a_new_record":{"runAfter":{"Update_a_record":["Succeeded"]},"metadata":{"flowSystemMetadata":{"swaggerOperationId":"PostItem_V2"}},"type":"ApiConnection","inputs":{"host":{"connection":{"name":"@parameters('$connections')['shared_commondataservice']['connectionId']"},"api":{"runtimeUrl":"https://europe-002.azure-apim.net/apim/commondataservice"}},"method":"post","body":{"subject":"Research task","scheduledend":"@{addDays(utcNow(),5)}","_ownerid_type":"systemusers","_regardingobjectid_value":"@triggerBody()?['incidentid']","_regardingobjectid_type":"incidents","isregularactivity":false,"isbilled":false,"isworkflowcreated":false},"path":"/v2/datasets/@{encodeURIComponent(encodeURIComponent('org67e8fc1e.crm4'))}/tables/@{encodeURIComponent(encodeURIComponent('tasks'))}/items","authentication":"@parameters('$authentication')"}}},"runAfter":{"Post-AC-Wait":["Succeeded"]},"else":{"actions":{"Compose_2":{"runAfter":{},"type":"Compose","inputs":"@body('post-ac-wait')?['responder']?['userPrincipalName']"}}},"expression":{"equals":["@body('post-ac-wait')?['submitActionId']","Research"]},"type":"If"}},"outputs":{}},"connectionReferences":{"shared_commondataservice":{"connectionName":"3bb8924e4c32426ab375d6a905e752c5","source":"Embedded","id":"/providers/Microsoft.PowerApps/apis/shared_commondataservice","tier":"NotSpecified"},"shared_teams":{"connectionName":"shared-teams-cc32a08a-5da4-41ad-a996-78ee3e39aafb","source":"Embedded","id":"/providers/Microsoft.PowerApps/apis/shared_teams","tier":"NotSpecified"}},"flowFailureAlertSubscribed":false}}