{"name":"541d3da0-2454-46d5-b5f4-ad94669f8885","id":"/providers/Microsoft.Flow/flows/541d3da0-2454-46d5-b5f4-ad94669f8885","type":"Microsoft.Flow/flows","properties":{"apiId":"/providers/Microsoft.PowerApps/apis/shared_logicflows","displayName":"Post-AC-Teams-Create Contact","definition":{"metadata":{"workflowEntityId":null,"creator":{"id":"12319e1f-b9ac-4a78-a095-95c2735c321d","type":"User","tenantId":"a27bf56f-1e0c-42ed-8ea0-a008cffb1032"},"provisioningMethod":"FromDefinition","failureAlertSubscription":true,"clientLastModifiedTime":"2020-05-29T10:20:35.3654105Z"},"$schema":"https://schema.management.azure.com/providers/Microsoft.Logic/schemas/2016-06-01/workflowdefinition.json#","contentVersion":"1.0.0.0","parameters":{"$connections":{"defaultValue":{},"type":"Object"},"$authentication":{"defaultValue":{},"type":"SecureObject"}},"triggers":{"When_a_record_is_created":{"metadata":{"flowSystemMetadata":{"swaggerOperationId":"SubscribeOnNewItems"}},"type":"ApiConnectionWebhook","inputs":{"host":{"connection":{"name":"@parameters('$connections')['shared_commondataservice']['connectionId']"},"api":{"runtimeUrl":"https://europe-002.azure-apim.net/apim/commondataservice"}},"body":{"NotificationUrl":"@{listCallbackUrl()}"},"path":"/datasets/@{encodeURIComponent(encodeURIComponent('org67e8fc1e.crm4'))}/tables/@{encodeURIComponent(encodeURIComponent('contacts'))}/onnewitemswebhook","queries":{"scope":"Organization"},"authentication":"@parameters('$authentication')"}}},"actions":{"Initialize_variable":{"runAfter":{},"type":"InitializeVariable","inputs":{"variables":[{"name":"New-Contact-AC","type":"string","value":"{\n\t\"$schema\": \"http://adaptivecards.io/schemas/adaptive-card.json\",\n\t\"type\": \"AdaptiveCard\",\n\t\"version\": \"1.0\",\n\t\"body\": [\n\t\t{\n\t\t\t\"type\": \"Container\",\n\t\t\t\"items\": [\n\t\t\t\t{\n\t\t\t\t\t\"type\": \"TextBlock\",\n\t\t\t\t\t\"text\": \"Contact Information\",\n\t\t\t\t\t\"weight\": \"bolder\",\n\t\t\t\t\t\"size\": \"medium\"\n\t\t\t\t},\n\t\t\t\t{\n\t\t\t\t\t\"type\": \"ColumnSet\",\n\t\t\t\t\t\"columns\": [\t\t\t\t\t\t\n\t\t\t\t\t\t{\n\t\t\t\t\t\t\t\"type\": \"Column\",\n\t\t\t\t\t\t\t\"width\": \"stretch\",\n\t\t\t\t\t\t\t\"items\": [\n\t\t\t\t\t\t\t\t{\n\t\t\t\t\t\t\t\t\t\"type\": \"TextBlock\",\n\t\t\t\t\t\t\t\t\t\"text\": \"@{triggerBody()?['fullname']}\",\n\t\t\t\t\t\t\t\t\t\"weight\": \"bolder\",\n\t\t\t\t\t\t\t\t\t\"wrap\": true\n\t\t\t\t\t\t\t\t},\n\t\t\t\t\t\t\t\t{\n\t\t\t\t\t\t\t\t\t\"type\": \"TextBlock\",\n\t\t\t\t\t\t\t\t\t\"spacing\": \"none\",\n\t\t\t\t\t\t\t\t\t\"text\": \"Created {{DATE(@{triggerBody()?['createdon']},SHORT)}}\",\n\t\t\t\t\t\t\t\t\t\"isSubtle\": true,\n\t\t\t\t\t\t\t\t\t\"wrap\": true\n\t\t\t\t\t\t\t\t}\n\t\t\t\t\t\t\t]\n\t\t\t\t\t\t}\n\t\t\t\t\t]\n\t\t\t\t}\n\t\t\t]\n\t\t},\n\t\t{\n\t\t\t\"type\": \"Container\",\n\t\t\t\"items\": [\t\t\t\t\n\t\t\t\t{\n\t\t\t\t\t\"type\": \"FactSet\",\n\t\t\t\t\t\"facts\": [\n\t\t\t\t\t\t{\n\t\t\t\t\t\t\t\"title\": \"Job Title:\",\n\t\t\t\t\t\t\t\"value\": \"@{triggerBody()?['jobtitle']}\"\n\t\t\t\t\t\t},\n\t\t\t\t\t\t{\n\t\t\t\t\t\t\t\"title\": \"Email\",\n\t\t\t\t\t\t\t\"value\": \"@{triggerBody()?['emailaddress1']}\"\n\t\t\t\t\t\t},\n\t\t\t\t\t\t{\n\t\t\t\t\t\t\t\"title\": \"Contact Method\",\n\t\t\t\t\t\t\t\"value\": \"@{triggerBody()?['_preferredcontactmethodcode_label']}\"\n\t\t\t\t\t\t}\t\t\t\t\t\t\n\t\t\t\t\t]\n\t\t\t\t}\n\t\t\t]\n\t\t}\n\t],\n\t\"actions\": [\t\t\n\t\t{\n\t\t\t\"type\": \"Action.OpenUrl\",\n\t\t\t\"title\": \"View\",\n\t\t\t\"url\": \"https://crm535092.crm4.dynamics.com/main.aspx?appid=1b09f50b-1797-ea11-a813-000d3ab752c8&pagetype=entityrecord&etn=contact&id=@{triggerBody()?['contactid']}\"\n\t\t}\n\t]\n}"}]}},"Post_your_own_adaptive_card_as_the_Flow_bot_to_a_channel":{"runAfter":{"Initialize_variable":["Succeeded"]},"metadata":{"flowSystemMetadata":{"swaggerOperationId":"PostChannelAdaptiveCard"}},"type":"ApiConnection","inputs":{"host":{"connection":{"name":"@parameters('$connections')['shared_teams']['connectionId']"},"api":{"runtimeUrl":"https://europe-002.azure-apim.net/apim/teams"}},"method":"post","body":{"recipient":{"channelId":"19:7849fc9acaea42e0af67d3352dc775fa@thread.tacv2"},"messageBody":"@variables('New-Contact-AC')"},"path":"/flowbot/actions/adaptivecard/recipienttypes/channel","queries":{"groupId":"c97303f2-51dd-422c-aaa1-df4888a20f22"},"authentication":"@parameters('$authentication')"}}},"outputs":{}},"connectionReferences":{"shared_teams":{"connectionName":"shared-teams-cc32a08a-5da4-41ad-a996-78ee3e39aafb","source":"Embedded","id":"/providers/Microsoft.PowerApps/apis/shared_teams","tier":"NotSpecified"},"shared_commondataservice":{"connectionName":"3bb8924e4c32426ab375d6a905e752c5","source":"Embedded","id":"/providers/Microsoft.PowerApps/apis/shared_commondataservice","tier":"NotSpecified"}},"flowFailureAlertSubscribed":false}}